fiscal_year,year,month,month_numeric,grid_type,presentment_cheque_vol_lakhs,presentment_cheque_value_inr_lakhs,return_cheque_vol_lakhs,return_cheque_value_inr_lakhs,return_cheq_as_pct_of_total_presentment_cheq_vol,released_on,updated_on,data_source,data_url
2023-24,2024,March,3,National Grid,585.29,68874534.71,29.35,6322484.31,5.01,2024-04-01,2026-03-27,National Payments Corporation of India (NPCI),https://www.npci.org.in/product/cts/product-statistics
2023-24,2024,February,2,National Grid,541.87,60262964.32,27.2,5201258.78,5.02,2024-03-01,2026-03-27,National Payments Corporation of India (NPCI),https://www.npci.org.in/product/cts/product-statistics
2023-24,2024,January,1,National Grid,547.19,58365271.55,27.99,5178767.57,5.12,2024-02-01,2026-03-27,National Payments Corporation of India (NPCI),https://www.npci.org.in/product/cts/product-statistics
2023-24,2023,December,12,National Grid,547.23,59297185.13,28.22,5351883.65,5.16,2024-01-01,2026-03-27,National Payments Corporation of India (NPCI),https://www.npci.org.in/product/cts/product-statistics
2023-24,2023,November,11,National Grid,525.56,55886585.62,25.86,4722299.82,4.92,2023-12-01,2026-03-27,National Payments Corporation of India (NPCI),https://www.npci.org.in/product/cts/product-statistics
2024-25,2025,March,3,National Grid,531.75,"6,59,87,345.32",26.81,"60,73,644.57",5.04%,2025-04-01,2026-03-27,National Payments Corporation of India (NPCI),https://www.npci.org.in/product/cts/product-statistics
2024-25,2025,February,2,National Grid,462.02,"5,40,83,445.64",24.65,"51,71,632.93",5.33%,2025-03-01,2026-03-27,National Payments Corporation of India (NPCI),https://www.npci.org.in/product/cts/product-statistics
2024-25,2025,January,1,National Grid,516.61,"6,06,75,571.80",26.59,"59,61,457.83",5.15%,2025-02-01,2026-03-27,National Payments Corporation of India (NPCI),https://www.npci.org.in/product/cts/product-statistics
2024-25,2024,December,12,National Grid,506.56,"5,87,87,897.14",26.44,"55,14,937.89",5.22%,2025-01-01,2026-03-27,National Payments Corporation of India (NPCI),https://www.npci.org.in/product/cts/product-statistics
2024-25,2024,November,11,National Grid,472.48,"5,37,84,891.93",24.69,"51,47,516.12",5.23%,2024-12-01,2026-03-27,National Payments Corporation of India (NPCI),https://www.npci.org.in/product/cts/product-statistics
2024-25,2024,October,10,National Grid,546.97,62405699.82,27.41,5552848.59,5.01%,2024-11-01,2026-03-27,National Payments Corporation of India (NPCI),https://www.npci.org.in/product/cts/product-statistics
2024-25,2024,September,9,National Grid,484.94,54338699.78,25.76,5115254.19,5.31%,2024-10-01,2026-03-27,National Payments Corporation of India (NPCI),https://www.npci.org.in/product/cts/product-statistics
2024-25,2024,August,8,National Grid,508.49,56884762.82,26.38,5147522.99,5.19%,2024-09-01,2026-03-27,National Payments Corporation of India (NPCI),https://www.npci.org.in/product/cts/product-statistics
2024-25,2024,July,7,National Grid,531,61068544.7,27.42,5637289.46,5.16%,2024-08-01,2026-03-27,National Payments Corporation of India (NPCI),https://www.npci.org.in/product/cts/product-statistics
2024-25,2024,June,6,National Grid,484.44,55383361.81,25.5,5482957.79,5.26%,2024-07-01,2026-03-27,National Payments Corporation of India (NPCI),https://www.npci.org.in/product/cts/product-statistics
2024-25,2024,May,5,National Grid,524.39,61151829.61,27.5,5843203.93,5.24%,2024-06-01,2026-03-27,National Payments Corporation of India (NPCI),https://www.npci.org.in/product/cts/product-statistics
2024-25,2024,April,4,National Grid,525.75,66782914.56,29.33,6352301.65,5.58%,2024-05-01,2026-03-27,National Payments Corporation of India (NPCI),https://www.npci.org.in/product/cts/product-statistics
2025-26,2026,January,1,National Grid,458.70,60141535.29,29.23,7147112.09,6.37%,2026-02-01,2026-03-27,National Payments Corporation of India (NPCI),https://www.npci.org.in/product/cts/product-statistics
2025-26,2025,December,12,National Grid,476.39,"62,035,244.21",28.72,"7,298,504.35",6.03%,2026-01-01,2026-03-27,National Payments Corporation of India (NPCI),https://www.npci.org.in/product/cts/product-statistics
2025-26,2025,November,11,National Grid,448.61,"57,025,088.56",30.10,"7,627,938.75",6.71%,2025-12-01,2026-03-27,National Payments Corporation of India (NPCI),https://www.npci.org.in/product/cts/product-statistics
2025-26,2025,October,10,National Grid,452.12,307492862.78,55.41,261059767.40,12.26%,2025-11-01,2026-03-27,National Payments Corporation of India (NPCI),https://www.npci.org.in/product/cts/product-statistics
2025-26,2025,September,9,National Grid,464.84,"57,046,654.31",23.38,"5,462,334.64",5.03%,2025-10-01,2026-03-27,National Payments Corporation of India (NPCI),https://www.npci.org.in/product/cts/product-statistics
2025-26,2025,August,8,National Grid,446.05,"54,002,458.04",22.97,"5,033,447.00",5.15%,2025-09-01,2026-03-27,National Payments Corporation of India (NPCI),https://www.npci.org.in/product/cts/product-statistics
2025-26,2025,July,7,National Grid,494.59,"60,750,371.31",24.60,"5,531,050.27",4.97%,2025-08-01,2026-03-27,National Payments Corporation of India (NPCI),https://www.npci.org.in/product/cts/product-statistics
2025-26,2025,June,6,National Grid,447.43,"55,017,603.29",22.95,"5,336,660.78",5.13%,2025-07-01,2026-03-27,National Payments Corporation of India (NPCI),https://www.npci.org.in/product/cts/product-statistics
2025-26,2025,May,5,National Grid,481.93,"59,623,877.55",24.96,"5,824,247.37",5.18%,2025-06-01,2026-03-27,National Payments Corporation of India (NPCI),https://www.npci.org.in/product/cts/product-statistics
2025-26,2025,April,4,National Grid,494.75,"64,507,912.63",26.97,"6,161,045.33",5.45%,2025-05-01,2026-03-27,National Payments Corporation of India (NPCI),https://www.npci.org.in/product/cts/product-statistics
2021-22,2022,March,3,Northern Grid,188.03,19849667.23,11.8,1947319.45,6.28%,2022-04-01,2026-03-27,National Payments Corporation of India (NPCI),https://www.npci.org.in/product/cts/product-statistics
2021-22,2022,February,2,Northern Grid,156.53,16066568.56,9.92,1624848.98,6.34%,2022-03-01,2026-03-27,National Payments Corporation of India (NPCI),https://www.npci.org.in/product/cts/product-statistics
2021-22,2022,January,1,Northern Grid,158.47,16282713.38,10.76,1607068.6,6.79%,2022-02-01,2026-03-27,National Payments Corporation of India (NPCI),https://www.npci.org.in/product/cts/product-statistics
2021-22,2021,December,12,Northern Grid,183.87,19400737.79,14.41,1990997.54,7.84%,2022-01-01,2026-03-27,National Payments Corporation of India (NPCI),https://www.npci.org.in/product/cts/product-statistics
2021-22,2021,November,11,Northern Grid,162.84,16144535.66,10.32,1480199.84,6.34%,2021-12-01,2026-03-27,National Payments Corporation of India (NPCI),https://www.npci.org.in/product/cts/product-statistics
2021-22,2021,October,10,Northern Grid,173.49,17320982.3,11.95,1655822.82,6.89%,2021-11-01,2026-03-27,National Payments Corporation of India (NPCI),https://www.npci.org.in/product/cts/product-statistics
2021-22,2021,September,9,Northern Grid,176.43,16967498.36,10.99,1603676.79,6.23%,2021-10-01,2026-03-27,National Payments Corporation of India (NPCI),https://www.npci.org.in/product/cts/product-statistics
2021-22,2021,August,8,Northern Grid,159.45,15392432.49,9.82,1436168.2,6.16%,2021-09-01,2026-03-27,National Payments Corporation of India (NPCI),https://www.npci.org.in/product/cts/product-statistics
2021-22,2021,July,7,Northern Grid,166.32,16629644.55,10.69,1599887.22,6.43%,2021-08-01,2026-03-27,National Payments Corporation of India (NPCI),https://www.npci.org.in/product/cts/product-statistics
2021-22,2021,June,6,Northern Grid,144.94,14904350.92,8.28,1399007.87,5.72%,2021-07-01,2026-03-27,National Payments Corporation of India (NPCI),https://www.npci.org.in/product/cts/product-statistics
2021-22,2021,May,5,Northern Grid,94.97,9614980.34,7.18,952906.43,7.56%,2021-06-01,2026-03-27,National Payments Corporation of India (NPCI),https://www.npci.org.in/product/cts/product-statistics
2021-22,2021,April,4,Northern Grid,157.44,15750505.83,13.64,1647139.92,8.67%,2021-05-01,2026-03-27,National Payments Corporation of India (NPCI),https://www.npci.org.in/product/cts/product-statistics
2022-23,2022,December,12,Northern Grid,165.38,18630595.46,10.26,1926223.07,6.20%,2023-01-01,2026-03-27,National Payments Corporation of India (NPCI),https://www.npci.org.in/product/cts/product-statistics
2022-23,2022,November,11,Northern Grid,164.79,17921625.33,10.22,1889890.76,6.20%,2022-12-01,2026-03-27,National Payments Corporation of India (NPCI),https://www.npci.org.in/product/cts/product-statistics
2022-23,2022,October,10,Northern Grid,151.95,16179865.56,9.83,1675320.8,6.47%,2022-11-01,2026-03-27,National Payments Corporation of India (NPCI),https://www.npci.org.in/product/cts/product-statistics
2022-23,2022,September,9,Northern Grid,160.33,17075596.29,10.06,1884338.91,6.28%,2022-10-01,2026-03-27,National Payments Corporation of India (NPCI),https://www.npci.org.in/product/cts/product-statistics
2022-23,2022,August,8,Northern Grid,158.16,16260209.54,10.19,1753881.1,6.44%,2022-09-01,2026-03-27,National Payments Corporation of India (NPCI),https://www.npci.org.in/product/cts/product-statistics
2022-23,2022,July,7,Northern Grid,160.5,17356693.91,9.94,1849896.48,6.19%,2022-08-01,2026-03-27,National Payments Corporation of India (NPCI),https://www.npci.org.in/product/cts/product-statistics
2022-23,2022,June,6,Northern Grid,156.96,17546277.15,10.47,1948080.3,6.67%,2022-07-01,2026-03-27,National Payments Corporation of India (NPCI),https://www.npci.org.in/product/cts/product-statistics
2022-23,2022,May,5,Northern Grid,163.09,17823044.09,10.4,1963521.03,6.38%,2022-06-01,2026-03-27,National Payments Corporation of India (NPCI),https://www.npci.org.in/product/cts/product-statistics
2022-23,2022,April,4,Northern Grid,172.54,19795538.76,11.49,2367214.26,6.66%,2022-05-01,2026-03-27,National Payments Corporation of India (NPCI),https://www.npci.org.in/product/cts/product-statistics
2023-24,2023,June,6,Northern Grid,142.61,"1,68,93,381.98",9.41,"20,51,589.43",6.60,2023-07-01,2026-03-27,National Payments Corporation of India (NPCI),https://www.npci.org.in/product/cts/product-statistics
2023-24,2023,May,5,Northern Grid,158.11,"1,84,07,089.85",10.27,"22,60,677.54",6.50,2023-06-01,2026-03-27,National Payments Corporation of India (NPCI),https://www.npci.org.in/product/cts/product-statistics
2023-24,2023,April,4,Northern Grid,150.31,"1,85,90,336.94",9.92,"23,12,372.08",6.60,2023-05-01,2026-03-27,National Payments Corporation of India (NPCI),https://www.npci.org.in/product/cts/product-statistics
2021-22,2022,March,3,Southern Grid,200.31,21076164.31,10.9,1570096.16,5.44%,2022-04-01,2026-03-27,National Payments Corporation of India (NPCI),https://www.npci.org.in/product/cts/product-statistics
2021-22,2022,February,2,Southern Grid,165.93,16885678.41,8.49,1201033.09,5.12%,2022-03-01,2026-03-27,National Payments Corporation of India (NPCI),https://www.npci.org.in/product/cts/product-statistics
2021-22,2022,January,1,Southern Grid,168.03,16412250.67,9.17,1172876.59,5.45%,2022-02-01,2026-03-27,National Payments Corporation of India (NPCI),https://www.npci.org.in/product/cts/product-statistics
2021-22,2021,December,12,Southern Grid,188.43,18901772.46,11.96,1540290.81,6.35%,2022-01-01,2026-03-27,National Payments Corporation of India (NPCI),https://www.npci.org.in/product/cts/product-statistics
2021-22,2021,November,11,Southern Grid,167.64,16529444.95,9.16,1227179.1,5.46%,2021-12-01,2026-03-27,National Payments Corporation of India (NPCI),https://www.npci.org.in/product/cts/product-statistics
2021-22,2021,October,10,Southern Grid,171.25,16844238.34,10.49,1340496.81,6.13%,2021-11-01,2026-03-27,National Payments Corporation of India (NPCI),https://www.npci.org.in/product/cts/product-statistics
2021-22,2021,September,9,Southern Grid,179.12,17613563.64,9.36,1313634.05,5.22%,2021-10-01,2026-03-27,National Payments Corporation of India (NPCI),https://www.npci.org.in/product/cts/product-statistics
2021-22,2021,August,8,Southern Grid,168.38,16387411.06,8.43,1093259.92,5.01%,2021-09-01,2026-03-27,National Payments Corporation of India (NPCI),https://www.npci.org.in/product/cts/product-statistics
2021-22,2021,July,7,Southern Grid,166.04,16600094.59,8.52,1163523.28,5.13%,2021-08-01,2026-03-27,National Payments Corporation of India (NPCI),https://www.npci.org.in/product/cts/product-statistics
2021-22,2021,June,6,Southern Grid,120.92,12385831.05,5.74,857537.49,4.74%,2021-07-01,2026-03-27,National Payments Corporation of India (NPCI),https://www.npci.org.in/product/cts/product-statistics
2021-22,2021,May,5,Southern Grid,96.95,9398636.08,5.95,714790.41,6.13%,2021-06-01,2026-03-27,National Payments Corporation of India (NPCI),https://www.npci.org.in/product/cts/product-statistics
2021-22,2021,April,4,Southern Grid,173.8,17439654.08,10.58,1303596.09,6.09%,2021-05-01,2026-03-27,National Payments Corporation of India (NPCI),https://www.npci.org.in/product/cts/product-statistics
2022-23,2023,March,3,Southern Grid,186.26,21399498.57,9.41,1772105.83,5.05%,2023-04-01,2026-03-27,National Payments Corporation of India (NPCI),https://www.npci.org.in/product/cts/product-statistics
2022-23,2023,February,2,Southern Grid,158.98,17431442.2,8.19,1520874.55,5.15%,2023-03-01,2026-03-27,National Payments Corporation of India (NPCI),https://www.npci.org.in/product/cts/product-statistics
2022-23,2023,January,1,Southern Grid,161.83,17095696.82,8.3,1356573.32,5.13%,2023-02-01,2026-03-27,National Payments Corporation of India (NPCI),https://www.npci.org.in/product/cts/product-statistics
2022-23,2022,December,12,Southern Grid,174.84,19088807.41,8.88,1470013.09,5.08%,2023-01-01,2026-03-27,National Payments Corporation of India (NPCI),https://www.npci.org.in/product/cts/product-statistics
2022-23,2022,November,11,Southern Grid,169.96,17899914.48,8.7,1407404.03,5.12%,2022-12-01,2026-03-27,National Payments Corporation of India (NPCI),https://www.npci.org.in/product/cts/product-statistics
2022-23,2022,October,10,Southern Grid,156.09,16299483.75,8.23,1240525.8,5.27%,2022-11-01,2026-03-27,National Payments Corporation of India (NPCI),https://www.npci.org.in/product/cts/product-statistics
2022-23,2022,September,9,Southern Grid,177.34,18588786.11,8.81,1341781.73,4.97%,2022-10-01,2026-03-27,National Payments Corporation of India (NPCI),https://www.npci.org.in/product/cts/product-statistics
2022-23,2022,August,8,Southern Grid,168.52,17496393.8,8.89,1401068.66,5.27%,2022-09-01,2026-03-27,National Payments Corporation of India (NPCI),https://www.npci.org.in/product/cts/product-statistics
2022-23,2022,July,7,Southern Grid,170.66,17708549.28,8.51,1263782.55,4.99%,2022-08-01,2026-03-27,National Payments Corporation of India (NPCI),https://www.npci.org.in/product/cts/product-statistics
2022-23,2022,June,6,Southern Grid,171.41,18011277.02,8.95,1419227.93,5.22%,2022-07-01,2026-03-27,National Payments Corporation of India (NPCI),https://www.npci.org.in/product/cts/product-statistics
2022-23,2022,May,5,Southern Grid,167.84,17438955.84,8.62,1366830.06,5.14%,2022-06-01,2026-03-27,National Payments Corporation of India (NPCI),https://www.npci.org.in/product/cts/product-statistics
2022-23,2022,April,4,Southern Grid,176.2,19710411.14,9.47,1578947.95,5.37%,2022-05-01,2026-03-27,National Payments Corporation of India (NPCI),https://www.npci.org.in/product/cts/product-statistics
2023-24,2023,October,10,Southern Grid,455.26,"4,87,99,757.83",24.53,"44,79,539.32",5.39,2023-11-01,2026-03-27,National Payments Corporation of India (NPCI),https://www.npci.org.in/product/cts/product-statistics
2023-24,2023,September,9,Southern Grid,305.85,"3,53,32,902.56",17.88,"36,12,150.65",5.85,2023-10-01,2026-03-27,National Payments Corporation of India (NPCI),https://www.npci.org.in/product/cts/product-statistics
2023-24,2023,August,8,Southern Grid,314.24,"3,58,02,587.05",17.51,"34,27,298.99",5.57,2023-09-01,2026-03-27,National Payments Corporation of India (NPCI),https://www.npci.org.in/product/cts/product-statistics
2023-24,2023,July,7,Southern Grid,309.38,"3,50,69,448.81",18.09,"35,19,928.79",5.85,2023-08-01,2026-03-27,National Payments Corporation of India (NPCI),https://www.npci.org.in/product/cts/product-statistics
2023-24,2023,June,6,Southern Grid,157.02,"1,77,13,421.76",8.05,"14,09,969.08",5.13,2023-07-01,2026-03-27,National Payments Corporation of India (NPCI),https://www.npci.org.in/product/cts/product-statistics
2023-24,2023,May,5,Southern Grid,162.84,"1,85,38,668.88",8.3,"15,74,839.47",5.1,2023-06-01,2026-03-27,National Payments Corporation of India (NPCI),https://www.npci.org.in/product/cts/product-statistics
2023-24,2023,April,4,Southern Grid,154.07,"1,84,13,906.77",8.76,"15,73,257.81",5.69,2023-05-01,2026-03-27,National Payments Corporation of India (NPCI),https://www.npci.org.in/product/cts/product-statistics
2021-22,2022,March,3,Western Grid,314.14,28531922.24,12.61,1821747.25,4.01%,2022-04-01,2026-03-27,National Payments Corporation of India (NPCI),https://www.npci.org.in/product/cts/product-statistics
2021-22,2022,February,2,Western Grid,259.53,22586623.64,10.79,1466060.16,4.16%,2022-03-01,2026-03-27,National Payments Corporation of India (NPCI),https://www.npci.org.in/product/cts/product-statistics
2021-22,2022,January,1,Western Grid,270.5,23077194.14,11.23,1472536.39,4.15%,2022-02-01,2026-03-27,National Payments Corporation of India (NPCI),https://www.npci.org.in/product/cts/product-statistics
2021-22,2021,December,12,Western Grid,288.02,25789081.48,14.06,1762124.72,4.88%,2022-01-01,2026-03-27,National Payments Corporation of India (NPCI),https://www.npci.org.in/product/cts/product-statistics
2021-22,2021,November,11,Western Grid,246.52,20648343.96,9.97,1215799.02,4.04%,2021-12-01,2026-03-27,National Payments Corporation of India (NPCI),https://www.npci.org.in/product/cts/product-statistics
2021-22,2021,October,10,Western Grid,290.45,24095187.65,11.62,1431486.18,4.00%,2021-11-01,2026-03-27,National Payments Corporation of India (NPCI),https://www.npci.org.in/product/cts/product-statistics
2021-22,2021,September,9,Western Grid,268.57,22065746.11,10.43,1300286.17,3.88%,2021-10-01,2026-03-27,National Payments Corporation of India (NPCI),https://www.npci.org.in/product/cts/product-statistics
2021-22,2021,August,8,Western Grid,260.77,21610431.79,10.16,1214983.12,3.9%,2021-09-01,2026-03-27,National Payments Corporation of India (NPCI),https://www.npci.org.in/product/cts/product-statistics
2021-22,2021,July,7,Western Grid,263.78,22095921.78,10.27,1242950.07,3.89%,2021-08-01,2026-03-27,National Payments Corporation of India (NPCI),https://www.npci.org.in/product/cts/product-statistics
2021-22,2021,June,6,Western Grid,245.52,20452840.86,8.47,1109329.02,3.45%,2021-07-01,2026-03-27,National Payments Corporation of India (NPCI),https://www.npci.org.in/product/cts/product-statistics
2021-22,2021,May,5,Western Grid,175.62,15287719.05,6.65,889116.29,3.78%,2021-06-01,2026-03-27,National Payments Corporation of India (NPCI),https://www.npci.org.in/product/cts/product-statistics
2021-22,2021,April,4,Western Grid,226.57,22145589.34,10.52,1255721.81,4.64%,2021-05-01,2026-03-27,National Payments Corporation of India (NPCI),https://www.npci.org.in/product/cts/product-statistics
2022-23,2023,March,3,Western Grid,288.52,29080859.73,12.09,2539054.05,4.19%,2023-04-01,2026-03-27,National Payments Corporation of India (NPCI),https://www.npci.org.in/product/cts/product-statistics
2022-23,2023,February,2,Western Grid,246.67,22682943.32,10.97,1894901.3,4.45%,2023-03-01,2026-03-27,National Payments Corporation of India (NPCI),https://www.npci.org.in/product/cts/product-statistics
2022-23,2023,January,1,Western Grid,258.96,23232147.4,10.78,1623589.17,4.16%,2023-02-01,2026-03-27,National Payments Corporation of India (NPCI),https://www.npci.org.in/product/cts/product-statistics
2022-23,2022,December,12,Western Grid,267.93,24270945.13,10.68,1549545.66,3.99%,2023-01-01,2026-03-27,National Payments Corporation of India (NPCI),https://www.npci.org.in/product/cts/product-statistics
2022-23,2022,November,11,Western Grid,257.81,22717397.73,10.22,1538674.54,3.96%,2022-12-01,2026-03-27,National Payments Corporation of India (NPCI),https://www.npci.org.in/product/cts/product-statistics
2022-23,2022,October,10,Western Grid,253.84,22484359.93,10.05,1393886.47,3.96%,2022-11-01,2026-03-27,National Payments Corporation of India (NPCI),https://www.npci.org.in/product/cts/product-statistics
2022-23,2022,September,9,Western Grid,266.14,23392880.99,10.39,1641778.43,3.91%,2022-10-01,2026-03-27,National Payments Corporation of India (NPCI),https://www.npci.org.in/product/cts/product-statistics
2022-23,2022,August,8,Western Grid,249.5,20993719.1,10.63,1414371.43,4.26%,2022-09-01,2026-03-27,National Payments Corporation of India (NPCI),https://www.npci.org.in/product/cts/product-statistics
2022-23,2022,July,7,Western Grid,257.5,22872840.99,9.94,1439672.12,3.86%,2022-08-01,2026-03-27,National Payments Corporation of India (NPCI),https://www.npci.org.in/product/cts/product-statistics
2022-23,2022,June,6,Western Grid,265.38,23760931.44,11.01,1570336.43,4.15%,2022-07-01,2026-03-27,National Payments Corporation of India (NPCI),https://www.npci.org.in/product/cts/product-statistics
2022-23,2022,May,5,Western Grid,259.47,24194193.27,10.46,1546455.66,4.03%,2022-06-01,2026-03-27,National Payments Corporation of India (NPCI),https://www.npci.org.in/product/cts/product-statistics
2022-23,2022,April,4,Western Grid,275.24,27520009.86,10.99,1870360.25,3.99%,2022-05-01,2026-03-27,National Payments Corporation of India (NPCI),https://www.npci.org.in/product/cts/product-statistics
2023-24,2023,October,10,Western Grid,104.66,"96,45,656.73",4.19,"6,95,352.72",4.00,2023-11-01,2026-03-27,National Payments Corporation of India (NPCI),https://www.npci.org.in/product/cts/product-statistics
2023-24,2023,September,9,Western Grid,232.49,"2,21,69,195.91",10.41,"17,82,619.55",4.48,2023-10-01,2026-03-27,National Payments Corporation of India (NPCI),https://www.npci.org.in/product/cts/product-statistics
2023-24,2023,August,8,Western Grid,251.16,"2,35,29,717.12",10.57,"18,34,168.22",4.21,2023-09-01,2026-03-27,National Payments Corporation of India (NPCI),https://www.npci.org.in/product/cts/product-statistics
2023-24,2023,July,7,Western Grid,246.09,"2,36,61,523.84",10.78,"18,41,256.62",4.38,2023-08-01,2026-03-27,National Payments Corporation of India (NPCI),https://www.npci.org.in/product/cts/product-statistics
2023-24,2023,June,6,Western Grid,239.74,"2,32,23,811.28",10.2,"18,31,403.25",4.25,2023-07-01,2026-03-27,National Payments Corporation of India (NPCI),https://www.npci.org.in/product/cts/product-statistics
2023-24,2023,May,5,Western Grid,251.44,"2,58,31,437.33",10.12,"19,14,829.78",4.02,2023-06-01,2026-03-27,National Payments Corporation of India (NPCI),https://www.npci.org.in/product/cts/product-statistics
2023-24,2023,April,4,Western Grid,249.67,"2,69,23,868.95",11.3,"21,81,816.91",4.53,2023-05-01,2026-03-27,National Payments Corporation of India (NPCI),https://www.npci.org.in/product/cts/product-statistics
